Country Name,Country Code,Year,%
Aruba,ABW,2000,
Africa Eastern and Southern,AFE,2000,21.2069177690197
Afghanistan,AFG,2000,36.9
Africa Western and Central,AFW,2000,12.7803934546453
Angola,AGO,2000,
Albania,ALB,2000,35.0
Andorra,AND,2000,35.9
Arab World,ARB,2000,23.4298551805993
United Arab Emirates,ARE,2000,
Argentina,ARG,2000,34.0
Armenia,ARM,2000,32.0
American Samoa,ASM,2000,
Antigua and Barbuda,ATG,2000,
Australia,AUS,2000,24.4
Austria,AUT,2000,52.3
Azerbaijan,AZE,2000,28.7
Burundi,BDI,2000,24.0
Belgium,BEL,2000,33.4
Benin,BEN,2000,16.7
Burkina Faso,BFA,2000,29.8
Bangladesh,BGD,2000,57.6
Bulgaria,BGR,2000,47.5
Bahrain,BHR,2000,22.2
"Bahamas, The",BHS,2000,10.7
Bosnia and Herzegovina,BIH,2000,46.6
Belarus,BLR,2000,41.8
Belize,BLZ,2000,15.0
Bermuda,BMU,2000,
Bolivia,BOL,2000,32.1
Brazil,BRA,2000,23.8
Barbados,BRB,2000,10.2
Brunei Darussalam,BRN,2000,16.7
Bhutan,BTN,2000,
Botswana,BWA,2000,33.2
Central African Republic,CAF,2000,
Canada,CAN,2000,28.4
Central Europe and the Baltics,CEB,2000,37.90605913603
Switzerland,CHE,2000,28.3
Channel Islands,CHI,2000,
Chile,CHL,2000,46.9
China,CHN,2000,26.7
Cote d'Ivoire,CIV,2000,18.7
Cameroon,CMR,2000,12.8
"Congo, Dem. Rep.",COD,2000,18.8
"Congo, Rep.",COG,2000,11.9
Colombia,COL,2000,15.1
Comoros,COM,2000,39.5
Cabo Verde,CPV,2000,20.6
Costa Rica,CRI,2000,18.0
Caribbean small states,CSS,2000,
Cuba,CUB,2000,40.8
Curacao,CUW,2000,
Cayman Islands,CYM,2000,
Cyprus,CYP,2000,40.9
Czechia,CZE,2000,34.2
Germany,DEU,2000,36.4
Djibouti,DJI,2000,
Dominica,DMA,2000,
Denmark,DNK,2000,37.3
Dominican Republic,DOM,2000,18.7
Algeria,DZA,2000,22.2
East Asia & Pacific (excluding high income),EAP,2000,29.5066108014269
Early-demographic dividend,EAR,2000,42.6055706720066
East Asia & Pacific,EAS,2000,29.8358995681482
Europe & Central Asia (excluding high income),ECA,2000,34.0799911492673
Europe & Central Asia,ECS,2000,35.0196855466468
Ecuador,ECU,2000,18.4
"Egypt, Arab Rep.",EGY,2000,24.3
Euro area,EMU,2000,34.6673445689347
Eritrea,ERI,2000,13.3
Spain,ESP,2000,36.8
Estonia,EST,2000,46.0
Ethiopia,ETH,2000,6.8
European Union,EUU,2000,35.6293838504311
Fragile and conflict affected situations,FCS,2000,24.4244301670001
Finland,FIN,2000,35.7
Fiji,FJI,2000,32.3
France,FRA,2000,34.2
Faroe Islands,FRO,2000,
"Micronesia, Fed. Sts.",FSM,2000,
Gabon,GAB,2000,
United Kingdom,GBR,2000,37.9
Georgia,GEO,2000,32.8
Ghana,GHA,2000,7.0
Gibraltar,GIB,2000,
Guinea,GIN,2000,
"Gambia, The",GMB,2000,22.5
Guinea-Bissau,GNB,2000,18.0
Equatorial Guinea,GNQ,2000,
Greece,GRC,2000,54.9
Grenada,GRD,2000,
Greenland,GRL,2000,
Guatemala,GTM,2000,14.3
Guam,GUM,2000,
Guyana,GUY,2000,30.2
High income,HIC,2000,33.9661447315433
"Hong Kong SAR, China",HKG,2000,
Honduras,HND,2000,
Heavily indebted poor countries (HIPC),HPC,2000,20.026552098029
Croatia,HRV,2000,34.4
Haiti,HTI,2000,12.3
Hungary,HUN,2000,37.4
IBRD only,IBD,2000,34.9365791775545
IDA & IBRD total,IBT,2000,34.2963740734661
IDA total,IDA,2000,31.2737484640543
IDA blend,IDB,2000,24.4015564555929
Indonesia,IDN,2000,35.4
IDA only,IDX,2000,35.1499335223141
Isle of Man,IMN,2000,
India,IND,2000,54.5
Not classified,INX,2000,
Ireland,IRL,2000,35.6
"Iran, Islamic Rep.",IRN,2000,21.5
Iraq,IRQ,2000,22.0
Iceland,ISL,2000,30.2
Israel,ISR,2000,31.7
Italy,ITA,2000,26.2
Jamaica,JAM,2000,17.4
Jordan,JOR,2000,30.7
Japan,JPN,2000,33.3
Kazakhstan,KAZ,2000,34.2
Kenya,KEN,2000,19.3
Kyrgyz Republic,KGZ,2000,31.4
Cambodia,KHM,2000,42.3
Kiribati,KIR,2000,68.5
St. Kitts and Nevis,KNA,2000,
"Korea, Rep.",KOR,2000,35.0
Kuwait,KWT,2000,20.0
Latin America & Caribbean (excluding high income),LAC,2000,24.3596037903359
Lao PDR,LAO,2000,52.5
Lebanon,LBN,2000,40.2
Liberia,LBR,2000,16.3
Libya,LBY,2000,
St. Lucia,LCA,2000,
Latin America & Caribbean,LCN,2000,25.1426266196585
Least developed countries: UN classification,LDC,2000,36.8912385359737
Low income,LIC,2000,21.7964632281722
Liechtenstein,LIE,2000,
Sri Lanka,LKA,2000,28.5
Lower middle income,LMC,2000,43.2844537681951
Low & middle income,LMY,2000,34.1996416435695
Lesotho,LSO,2000,31.1
Late-demographic dividend,LTE,2000,27.8561336880243
Lithuania,LTU,2000,41.4
Luxembourg,LUX,2000,31.0
Latvia,LVA,2000,43.8
"Macao SAR, China",MAC,2000,
St. Martin (French part),MAF,2000,
Morocco,MAR,2000,22.5
Monaco,MCO,2000,
Moldova,MDA,2000,25.3
Madagascar,MDG,2000,46.7
Maldives,MDV,2000,38.3
Middle East & North Africa,MEA,2000,23.1873831753002
Mexico,MEX,2000,24.0
Marshall Islands,MHL,2000,28.5
Middle income,MIC,2000,34.8917737253104
North Macedonia,MKD,2000,
Mali,MLI,2000,16.3
Malta,MLT,2000,34.3
Myanmar,MMR,2000,66.9
Middle East & North Africa (excluding high income),MNA,2000,23.8861878354669
Montenegro,MNE,2000,38.7
Mongolia,MNG,2000,34.1
Northern Mariana Islands,MNP,2000,
Mozambique,MOZ,2000,29.4
Mauritania,MRT,2000,21.3
Mauritius,MUS,2000,25.5
Malawi,MWI,2000,24.1
Malaysia,MYS,2000,29.5
North America,NAC,2000,33.25672979688
Namibia,NAM,2000,25.6
New Caledonia,NCL,2000,
Niger,NER,2000,9.7
Nigeria,NGA,2000,9.3
Nicaragua,NIC,2000,
Netherlands,NLD,2000,34.3
Norway,NOR,2000,44.0
Nepal,NPL,2000,64.5
Nauru,NRU,2000,63.4
New Zealand,NZL,2000,29.6
OECD members,OED,2000,33.1250969289672
Oman,OMN,2000,7.6
Other small states,OSS,2000,30.0251725636655
Pakistan,PAK,2000,37.5
Panama,PAN,2000,13.4
Peru,PER,2000,32.9
Philippines,PHL,2000,34.9
Palau,PLW,2000,26.1
Papua New Guinea,PNG,2000,54.1
Poland,POL,2000,39.6
Pre-demographic dividend,PRE,2000,19.452847308306
Puerto Rico,PRI,2000,
"Korea, Dem. People's Rep.",PRK,2000,28.5
Portugal,PRT,2000,25.7
Paraguay,PRY,2000,29.1
West Bank and Gaza,PSE,2000,
Pacific island small states,PSS,2000,36.3977162402202
Post-demographic dividend,PST,2000,34.503988939786
French Polynesia,PYF,2000,
Qatar,QAT,2000,13.5
Romania,ROU,2000,35.0
Russian Federation,RUS,2000,33.3
Rwanda,RWA,2000,24.8
South Asia,SAS,2000,52.6754254356022
Saudi Arabia,SAU,2000,14.2
Sudan,SDN,2000,
Senegal,SEN,2000,14.3
Singapore,SGP,2000,16.4
Solomon Islands,SLB,2000,43.5
Sierra Leone,SLE,2000,43.7
El Salvador,SLV,2000,15.9
San Marino,SMR,2000,
Somalia,SOM,2000,
Serbia,SRB,2000,45.1
Sub-Saharan Africa (excluding high income),SSA,2000,17.5973962643158
South Sudan,SSD,2000,
Sub-Saharan Africa,SSF,2000,17.5993287364989
Small states,SST,2000,28.4309437825593
Sao Tome and Principe,STP,2000,7.8
Suriname,SUR,2000,
Slovak Republic,SVK,2000,32.0
Slovenia,SVN,2000,25.1
Sweden,SWE,2000,43.8
Eswatini,SWZ,2000,12.3
Sint Maarten (Dutch part),SXM,2000,
Seychelles,SYC,2000,28.7
Syrian Arab Republic,SYR,2000,
Turks and Caicos Islands,TCA,2000,
Chad,TCD,2000,13.9
East Asia & Pacific (IDA & IBRD countries),TEA,2000,29.5200798375419
Europe & Central Asia (IDA & IBRD countries),TEC,2000,34.6505047750833
Togo,TGO,2000,14.4
Thailand,THA,2000,31.7
Tajikistan,TJK,2000,
Turkmenistan,TKM,2000,12.0
Latin America & the Caribbean (IDA & IBRD countries),TLA,2000,24.7299191122914
Timor-Leste,TLS,2000,53.5
Middle East & North Africa (IDA & IBRD countries),TMN,2000,23.8861878354669
Tonga,TON,2000,33.5
South Asia (IDA & IBRD),TSA,2000,52.6754254356022
Sub-Saharan Africa (IDA & IBRD countries),TSS,2000,17.5993287364989
Trinidad and Tobago,TTO,2000,
Tunisia,TUN,2000,34.3
Turkiye,TUR,2000,32.9
Tuvalu,TUV,2000,48.8
Tanzania,TZA,2000,27.8
Uganda,UGA,2000,24.7
Ukraine,UKR,2000,37.7
Upper middle income,UMC,2000,28.0623853284932
Uruguay,URY,2000,35.3
United States,USA,2000,33.8
Uzbekistan,UZB,2000,24.9
St. Vincent and the Grenadines,VCT,2000,
"Venezuela, RB",VEN,2000,
British Virgin Islands,VGB,2000,
Virgin Islands (U.S.),VIR,2000,
Viet Nam,VNM,2000,29.8
Vanuatu,VUT,2000,25.6
World,WLD,2000,34.1514890332573
Samoa,WSM,2000,39.0
Kosovo,XKX,2000,
"Yemen, Rep.",YEM,2000,27.3
South Africa,ZAF,2000,23.5
Zambia,ZMB,2000,19.9
Zimbabwe,ZWE,2000,21.0
Aruba,ABW,2005,
Africa Eastern and Southern,AFE,2005,18.2465967246938
Afghanistan,AFG,2005,32.7
Africa Western and Central,AFW,2005,10.5965124636657
Angola,AGO,2005,
Albania,ALB,2005,31.3
Andorra,AND,2005,34.8
Arab World,ARB,2005,22.4968445430098
United Arab Emirates,ARE,2005,
Argentina,ARG,2005,31.5
Armenia,ARM,2005,30.3
American Samoa,ASM,2005,
Antigua and Barbuda,ATG,2005,
Australia,AUS,2005,21.1
Austria,AUT,2005,43.8
Azerbaijan,AZE,2005,27.6
Burundi,BDI,2005,19.8
Belgium,BEL,2005,30.5
Benin,BEN,2005,13.4
Burkina Faso,BFA,2005,24.7
Bangladesh,BGD,2005,50.3
Bulgaria,BGR,2005,45.0
Bahrain,BHR,2005,20.0
"Bahamas, The",BHS,2005,10.7
Bosnia and Herzegovina,BIH,2005,43.4
Belarus,BLR,2005,38.8
Belize,BLZ,2005,13.0
Bermuda,BMU,2005,
Bolivia,BOL,2005,24.9
Brazil,BRA,2005,20.4
Barbados,BRB,2005,9.7
Brunei Darussalam,BRN,2005,16.5
Bhutan,BTN,2005,
Botswana,BWA,2005,28.5
Central African Republic,CAF,2005,
Canada,CAN,2005,23.3
Central Europe and the Baltics,CEB,2005,35.2854167359844
Switzerland,CHE,2005,27.7
Channel Islands,CHI,2005,
Chile,CHL,2005,41.7
China,CHN,2005,26.6
Cote d'Ivoire,CIV,2005,15.8
Cameroon,CMR,2005,11.2
"Congo, Dem. Rep.",COD,2005,16.9
"Congo, Rep.",COG,2005,12.2
Colombia,COL,2005,13.2
Comoros,COM,2005,32.8
Cabo Verde,CPV,2005,17.8
Costa Rica,CRI,2005,15.0
Caribbean small states,CSS,2005,
Cuba,CUB,2005,33.2
Curacao,CUW,2005,
Cayman Islands,CYM,2005,
Cyprus,CYP,2005,39.2
Czechia,CZE,2005,33.4
Germany,DEU,2005,32.1
Djibouti,DJI,2005,
Dominica,DMA,2005,
Denmark,DNK,2005,30.8
Dominican Republic,DOM,2005,16.1
Algeria,DZA,2005,21.8
East Asia & Pacific (excluding high income),EAP,2005,28.9211038740517
Early-demographic dividend,EAR,2005,36.8915397625816
East Asia & Pacific,EAS,2005,28.8804136237544
Europe & Central Asia (excluding high income),ECA,2005,31.9073340613974
Europe & Central Asia,ECS,2005,32.1644175376991
Ecuador,ECU,2005,16.2
"Egypt, Arab Rep.",EGY,2005,24.1
Euro area,EMU,2005,32.2050867208614
Eritrea,ERI,2005,11.5
Spain,ESP,2005,34.3
Estonia,EST,2005,41.6
Ethiopia,ETH,2005,6.3
European Union,EUU,2005,32.9341401927375
Fragile and conflict affected situations,FCS,2005,21.3150807894717
Finland,FIN,2005,31.4
Fiji,FJI,2005,29.7
France,FRA,2005,34.1
Faroe Islands,FRO,2005,
"Micronesia, Fed. Sts.",FSM,2005,
Gabon,GAB,2005,
United Kingdom,GBR,2005,30.1
Georgia,GEO,2005,32.6
Ghana,GHA,2005,5.9
Gibraltar,GIB,2005,
Guinea,GIN,2005,
"Gambia, The",GMB,2005,18.8
Guinea-Bissau,GNB,2005,15.0
Equatorial Guinea,GNQ,2005,
Greece,GRC,2005,48.5
Grenada,GRD,2005,
Greenland,GRL,2005,
Guatemala,GTM,2005,13.4
Guam,GUM,2005,
Guyana,GUY,2005,24.1
High income,HIC,2005,30.4988433029827
"Hong Kong SAR, China",HKG,2005,
Honduras,HND,2005,
Heavily indebted poor countries (HIPC),HPC,2005,16.8457200345279
Croatia,HRV,2005,34.9
Haiti,HTI,2005,10.9
Hungary,HUN,2005,35.9
IBRD only,IBD,2005,31.8115795031261
IDA & IBRD total,IBT,2005,30.9059951441432
IDA total,IDA,2005,26.8117806434506
IDA blend,IDB,2005,20.9604150152279
Indonesia,IDN,2005,35.8
IDA only,IDX,2005,30.1347064066345
Isle of Man,IMN,2005,
India,IND,2005,45.5
Not classified,INX,2005,
Ireland,IRL,2005,31.2
"Iran, Islamic Rep.",IRN,2005,19.0
Iraq,IRQ,2005,20.6
Iceland,ISL,2005,24.0
Israel,ISR,2005,28.6
Italy,ITA,2005,25.3
Jamaica,JAM,2005,14.9
Jordan,JOR,2005,31.7
Japan,JPN,2005,29.4
Kazakhstan,KAZ,2005,30.9
Kenya,KEN,2005,16.8
Kyrgyz Republic,KGZ,2005,30.3
Cambodia,KHM,2005,36.0
Kiribati,KIR,2005,60.4
St. Kitts and Nevis,KNA,2005,
"Korea, Rep.",KOR,2005,30.7
Kuwait,KWT,2005,19.5
Latin America & Caribbean (excluding high income),LAC,2005,20.6789472758801
Lao PDR,LAO,2005,46.2
Lebanon,LBN,2005,39.7
Liberia,LBR,2005,13.6
Libya,LBY,2005,
St. Lucia,LCA,2005,
Latin America & Caribbean,LCN,2005,21.398694625091
Least developed countries: UN classification,LDC,2005,31.531104744496
Low income,LIC,2005,18.8193057805709
Liechtenstein,LIE,2005,
Sri Lanka,LKA,2005,26.5
Lower middle income,LMC,2005,36.885809582549
Low & middle income,LMY,2005,30.8098415432427
Lesotho,LSO,2005,28.9
Late-demographic dividend,LTE,2005,26.7641433532978
Lithuania,LTU,2005,38.9
Luxembourg,LUX,2005,28.2
Latvia,LVA,2005,41.9
"Macao SAR, China",MAC,2005,
St. Martin (French part),MAF,2005,
Morocco,MAR,2005,20.1
Monaco,MCO,2005,
Moldova,MDA,2005,26.0
Madagascar,MDG,2005,40.7
Maldives,MDV,2005,34.1
Middle East & North Africa,MEA,2005,21.8329523485627
Mexico,MEX,2005,20.6
Marshall Islands,MHL,2005,28.4
Middle income,MIC,2005,31.5144472060932
North Macedonia,MKD,2005,
Mali,MLI,2005,13.8
Malta,MLT,2005,31.4
Myanmar,MMR,2005,60.6
Middle East & North Africa (excluding high income),MNA,2005,22.4672309902963
Montenegro,MNE,2005,36.7
Mongolia,MNG,2005,32.9
Northern Mariana Islands,MNP,2005,
Mozambique,MOZ,2005,24.5
Mauritania,MRT,2005,17.9
Mauritius,MUS,2005,24.1
Malawi,MWI,2005,19.5
Malaysia,MYS,2005,27.5
North America,NAC,2005,29.8581101052356
Namibia,NAM,2005,22.3
New Caledonia,NCL,2005,
Niger,NER,2005,9.0
Nigeria,NGA,2005,7.4
Nicaragua,NIC,2005,
Netherlands,NLD,2005,30.6
Norway,NOR,2005,34.3
Nepal,NPL,2005,53.5
Nauru,NRU,2005,59.2
New Zealand,NZL,2005,24.3
OECD members,OED,2005,29.6887361489046
Oman,OMN,2005,7.7
Other small states,OSS,2005,26.6922007839186
Pakistan,PAK,2005,31.9
Panama,PAN,2005,10.5
Peru,PER,2005,23.1
Philippines,PHL,2005,31.6
Palau,PLW,2005,23.7
Papua New Guinea,PNG,2005,49.7
Poland,POL,2005,35.0
Pre-demographic dividend,PRE,2005,16.4375518785985
Puerto Rico,PRI,2005,
"Korea, Dem. People's Rep.",PRK,2005,25.2
Portugal,PRT,2005,25.3
Paraguay,PRY,2005,23.0
West Bank and Gaza,PSE,2005,
Pacific island small states,PSS,2005,33.7314120919767
Post-demographic dividend,PST,2005,30.9775141684613
French Polynesia,PYF,2005,
Qatar,QAT,2005,13.0
Romania,ROU,2005,33.2
Russian Federation,RUS,2005,31.3
Rwanda,RWA,2005,21.3
South Asia,SAS,2005,44.2447654363408
Saudi Arabia,SAU,2005,14.2
Sudan,SDN,2005,
Senegal,SEN,2005,11.9
Singapore,SGP,2005,16.5
Solomon Islands,SLB,2005,41.3
Sierra Leone,SLE,2005,32.6
El Salvador,SLV,2005,13.4
San Marino,SMR,2005,
Somalia,SOM,2005,
Serbia,SRB,2005,43.7
Sub-Saharan Africa (excluding high income),SSA,2005,14.9683981977797
South Sudan,SSD,2005,
Sub-Saharan Africa,SSF,2005,14.9701859132611
Small states,SST,2005,25.2988238596815
Sao Tome and Principe,STP,2005,7.2
Suriname,SUR,2005,
Slovak Republic,SVK,2005,31.7
Slovenia,SVN,2005,24.2
Sweden,SWE,2005,37.6
Eswatini,SWZ,2005,11.4
Sint Maarten (Dutch part),SXM,2005,
Seychelles,SYC,2005,26.2
Syrian Arab Republic,SYR,2005,
Turks and Caicos Islands,TCA,2005,
Chad,TCD,2005,12.2
East Asia & Pacific (IDA & IBRD countries),TEA,2005,28.968597947762
Europe & Central Asia (IDA & IBRD countries),TEC,2005,32.2958591410171
Togo,TGO,2005,11.9
Thailand,THA,2005,28.8
Tajikistan,TJK,2005,
Turkmenistan,TKM,2005,9.9
Latin America & the Caribbean (IDA & IBRD countries),TLA,2005,21.1071303521736
Timor-Leste,TLS,2005,49.5
Middle East & North Africa (IDA & IBRD countries),TMN,2005,22.4672309902963
Tonga,TON,2005,32.8
South Asia (IDA & IBRD),TSA,2005,44.2447654363408
Sub-Saharan Africa (IDA & IBRD countries),TSS,2005,14.9701859132611
Trinidad and Tobago,TTO,2005,
Tunisia,TUN,2005,31.6
Turkiye,TUR,2005,32.2
Tuvalu,TUV,2005,45.3
Tanzania,TZA,2005,20.7
Uganda,UGA,2005,18.8
Ukraine,UKR,2005,34.3
Upper middle income,UMC,2005,26.9932003108036
Uruguay,URY,2005,31.2
United States,USA,2005,30.6
Uzbekistan,UZB,2005,22.7
St. Vincent and the Grenadines,VCT,2005,
"Venezuela, RB",VEN,2005,
British Virgin Islands,VGB,2005,
Virgin Islands (U.S.),VIR,2005,
Viet Nam,VNM,2005,28.3
Vanuatu,VUT,2005,23.3
World,WLD,2005,30.7487426334646
Samoa,WSM,2005,35.0
Kosovo,XKX,2005,
"Yemen, Rep.",YEM,2005,25.3
South Africa,ZAF,2005,22.5
Zambia,ZMB,2005,18.1
Zimbabwe,ZWE,2005,18.1
Aruba,ABW,2010,
Africa Eastern and Southern,AFE,2010,15.8535255110021
Afghanistan,AFG,2010,29.1
Africa Western and Central,AFW,2010,8.77580775190699
Angola,AGO,2010,
Albania,ALB,2010,28.0
Andorra,AND,2010,34.0
Arab World,ARB,2010,21.7424595692284
United Arab Emirates,ARE,2010,
Argentina,ARG,2010,28.9
Armenia,ARM,2010,28.6
American Samoa,ASM,2010,
Antigua and Barbuda,ATG,2010,
Australia,AUS,2010,18.2
Austria,AUT,2010,37.1
Azerbaijan,AZE,2010,26.2
Burundi,BDI,2010,16.6
Belgium,BEL,2010,28.0
Benin,BEN,2010,10.7
Burkina Faso,BFA,2010,20.5
Bangladesh,BGD,2010,44.0
Bulgaria,BGR,2010,42.9
Bahrain,BHR,2010,18.1
"Bahamas, The",BHS,2010,10.7
Bosnia and Herzegovina,BIH,2010,40.3
Belarus,BLR,2010,35.8
Belize,BLZ,2010,11.3
Bermuda,BMU,2010,
Bolivia,BOL,2010,19.5
Brazil,BRA,2010,17.4
Barbados,BRB,2010,9.2
Brunei Darussalam,BRN,2010,16.4
Bhutan,BTN,2010,
Botswana,BWA,2010,24.8
Central African Republic,CAF,2010,
Canada,CAN,2010,19.3
Central Europe and the Baltics,CEB,2010,32.8246189185394
Switzerland,CHE,2010,26.9
Channel Islands,CHI,2010,
Chile,CHL,2010,37.1
China,CHN,2010,26.2
Cote d'Ivoire,CIV,2010,13.2
Cameroon,CMR,2010,9.7
"Congo, Dem. Rep.",COD,2010,15.4
"Congo, Rep.",COG,2010,12.8
Colombia,COL,2010,11.4
Comoros,COM,2010,27.7
Cabo Verde,CPV,2010,15.2
Costa Rica,CRI,2010,12.6
Caribbean small states,CSS,2010,
Cuba,CUB,2010,27.0
Curacao,CUW,2010,
Cayman Islands,CYM,2010,
Cyprus,CYP,2010,37.7
Czechia,CZE,2010,32.3
Germany,DEU,2010,28.3
Djibouti,DJI,2010,
Dominica,DMA,2010,
Denmark,DNK,2010,25.5
Dominican Republic,DOM,2010,13.9
Algeria,DZA,2010,21.5
East Asia & Pacific (excluding high income),EAP,2010,28.2046377252279
Early-demographic dividend,EAR,2010,32.1198311936505
East Asia & Pacific,EAS,2010,27.8700088507989
Europe & Central Asia (excluding high income),ECA,2010,30.0918245068827
Europe & Central Asia,ECS,2010,29.7134658706926
Ecuador,ECU,2010,14.5
"Egypt, Arab Rep.",EGY,2010,24.3
Euro area,EMU,2010,29.9960074296953
Eritrea,ERI,2010,10.0
Spain,ESP,2010,31.9
Estonia,EST,2010,37.2
Ethiopia,ETH,2010,5.9
European Union,EUU,2010,30.5038124549451
Fragile and conflict affected situations,FCS,2010,18.5783300764084
Finland,FIN,2010,27.8
Fiji,FJI,2010,27.4
France,FRA,2010,33.8
Faroe Islands,FRO,2010,
"Micronesia, Fed. Sts.",FSM,2010,
Gabon,GAB,2010,
United Kingdom,GBR,2010,24.1
Georgia,GEO,2010,32.2
Ghana,GHA,2010,4.9
Gibraltar,GIB,2010,
Guinea,GIN,2010,
"Gambia, The",GMB,2010,15.8
Guinea-Bissau,GNB,2010,12.7
Equatorial Guinea,GNQ,2010,
Greece,GRC,2010,42.9
Grenada,GRD,2010,
Greenland,GRL,2010,
Guatemala,GTM,2010,12.5
Guam,GUM,2010,
Guyana,GUY,2010,19.1
High income,HIC,2010,27.4646810056101
"Hong Kong SAR, China",HKG,2010,
Honduras,HND,2010,
Heavily indebted poor countries (HIPC),HPC,2010,14.2699381296199
Croatia,HRV,2010,35.4
Haiti,HTI,2010,9.7
Hungary,HUN,2010,34.6
IBRD only,IBD,2010,29.1015953796396
IDA & IBRD total,IBT,2010,27.9288018052233
IDA total,IDA,2010,22.9168559749128
IDA blend,IDB,2010,18.1307418308976
Indonesia,IDN,2010,36.3
IDA only,IDX,2010,25.6634159721151
Isle of Man,IMN,2010,
India,IND,2010,38.1
Not classified,INX,2010,
Ireland,IRL,2010,27.1
"Iran, Islamic Rep.",IRN,2010,17.0
Iraq,IRQ,2010,19.9
Iceland,ISL,2010,19.1
Israel,ISR,2010,25.9
Italy,ITA,2010,24.5
Jamaica,JAM,2010,12.8
Jordan,JOR,2010,32.6
Japan,JPN,2010,25.8
Kazakhstan,KAZ,2010,28.1
Kenya,KEN,2010,14.7
Kyrgyz Republic,KGZ,2010,29.4
Cambodia,KHM,2010,30.1
Kiribati,KIR,2010,52.7
St. Kitts and Nevis,KNA,2010,
"Korea, Rep.",KOR,2010,27.0
Kuwait,KWT,2010,18.9
Latin America & Caribbean (excluding high income),LAC,2010,17.5690204090603
Lao PDR,LAO,2010,40.5
Lebanon,LBN,2010,39.1
Liberia,LBR,2010,11.5
Libya,LBY,2010,
St. Lucia,LCA,2010,
Latin America & Caribbean,LCN,2010,18.2323462450612
Least developed countries: UN classification,LDC,2010,26.7654940817314
Low income,LIC,2010,16.3046624462704
Liechtenstein,LIE,2010,
Sri Lanka,LKA,2010,24.8
Lower middle income,LMC,2010,31.5518963767704
Low & middle income,LMY,2010,27.8380019062546
Lesotho,LSO,2010,27.2
Late-demographic dividend,LTE,2010,25.6036372850074
Lithuania,LTU,2010,36.4
Luxembourg,LUX,2010,25.6
Latvia,LVA,2010,40.1
"Macao SAR, China",MAC,2010,
St. Martin (French part),MAF,2010,
Morocco,MAR,2010,18.1
Monaco,MCO,2010,
Moldova,MDA,2010,26.9
Madagascar,MDG,2010,35.4
Maldives,MDV,2010,30.6
Middle East & North Africa,MEA,2010,20.7668207660302
Mexico,MEX,2010,17.7
Marshall Islands,MHL,2010,28.4
Middle income,MIC,2010,28.5673588392466
North Macedonia,MKD,2010,
Mali,MLI,2010,11.6
Malta,MLT,2010,28.6
Myanmar,MMR,2010,54.6
Middle East & North Africa (excluding high income),MNA,2010,21.4731705957657
Montenegro,MNE,2010,34.9
Mongolia,MNG,2010,31.6
Northern Mariana Islands,MNP,2010,
Mozambique,MOZ,2010,20.5
Mauritania,MRT,2010,15.1
Mauritius,MUS,2010,22.7
Malawi,MWI,2010,16.0
Malaysia,MYS,2010,25.6
North America,NAC,2010,27.1063870727775
Namibia,NAM,2010,19.5
New Caledonia,NCL,2010,
Niger,NER,2010,8.4
Nigeria,NGA,2010,5.9
Nicaragua,NIC,2010,
Netherlands,NLD,2010,27.5
Norway,NOR,2010,26.7
Nepal,NPL,2010,43.6
Nauru,NRU,2010,55.5
New Zealand,NZL,2010,20.1
OECD members,OED,2010,26.7512547703498
Oman,OMN,2010,7.7
Other small states,OSS,2010,23.437094452238
Pakistan,PAK,2010,27.4
Panama,PAN,2010,8.2
Peru,PER,2010,16.3
Philippines,PHL,2010,28.3
Palau,PLW,2010,21.4
Papua New Guinea,PNG,2010,45.9
Poland,POL,2010,30.8
Pre-demographic dividend,PRE,2010,14.0050173427186
Puerto Rico,PRI,2010,
"Korea, Dem. People's Rep.",PRK,2010,22.3
Portugal,PRT,2010,25.3
Paraguay,PRY,2010,18.2
West Bank and Gaza,PSE,2010,
Pacific island small states,PSS,2010,31.466202066071
Post-demographic dividend,PST,2010,27.9375237724173
French Polynesia,PYF,2010,
Qatar,QAT,2010,12.6
Romania,ROU,2010,31.4
Russian Federation,RUS,2010,29.8
Rwanda,RWA,2010,18.5
South Asia,SAS,2010,37.2774701385031
Saudi Arabia,SAU,2010,14.2
Sudan,SDN,2010,
Senegal,SEN,2010,9.9
Singapore,SGP,2010,16.5
Solomon Islands,SLB,2010,39.6
Sierra Leone,SLE,2010,24.3
El Salvador,SLV,2010,11.3
San Marino,SMR,2010,
Somalia,SOM,2010,
Serbia,SRB,2010,42.3
Sub-Saharan Africa (excluding high income),SSA,2010,12.8240656277962
South Sudan,SSD,2010,
Sub-Saharan Africa,SSF,2010,12.8257866621321
Small states,SST,2010,22.3623745493014
Sao Tome and Principe,STP,2010,6.6
Suriname,SUR,2010,
Slovak Republic,SVK,2010,31.6
Slovenia,SVN,2010,23.5
Sweden,SWE,2010,32.3
Eswatini,SWZ,2010,10.5
Sint Maarten (Dutch part),SXM,2010,
Seychelles,SYC,2010,24.0
Syrian Arab Republic,SYR,2010,
Turks and Caicos Islands,TCA,2010,
Chad,TCD,2010,10.7
East Asia & Pacific (IDA & IBRD countries),TEA,2010,28.2793926654993
Europe & Central Asia (IDA & IBRD countries),TEC,2010,30.2767767145759
Togo,TGO,2010,9.8
Thailand,THA,2010,26.3
Tajikistan,TJK,2010,
Turkmenistan,TKM,2010,8.2
Latin America & the Caribbean (IDA & IBRD countries),TLA,2010,18.0296004054224
Timor-Leste,TLS,2010,46.0
Middle East & North Africa (IDA & IBRD countries),TMN,2010,21.4731705957657
Tonga,TON,2010,32.1
South Asia (IDA & IBRD),TSA,2010,37.2774701385031
Sub-Saharan Africa (IDA & IBRD countries),TSS,2010,12.8257866621321
Trinidad and Tobago,TTO,2010,
Tunisia,TUN,2010,29.0
Turkiye,TUR,2010,31.7
Tuvalu,TUV,2010,41.8
Tanzania,TZA,2010,15.5
Uganda,UGA,2010,14.3
Ukraine,UKR,2010,31.1
Upper middle income,UMC,2010,25.9312727353994
Uruguay,URY,2010,27.5
United States,USA,2010,28.0
Uzbekistan,UZB,2010,20.9
St. Vincent and the Grenadines,VCT,2010,
"Venezuela, RB",VEN,2010,
British Virgin Islands,VGB,2010,
Virgin Islands (U.S.),VIR,2010,
Viet Nam,VNM,2010,27.0
Vanuatu,VUT,2010,21.3
World,WLD,2010,27.7670260581709
Samoa,WSM,2010,31.4
Kosovo,XKX,2010,
"Yemen, Rep.",YEM,2010,23.4
South Africa,ZAF,2010,21.6
Zambia,ZMB,2010,16.7
Zimbabwe,ZWE,2010,15.6
Aruba,ABW,2015,
Africa Eastern and Southern,AFE,2015,13.8594561700187
Afghanistan,AFG,2015,26.0
Africa Western and Central,AFW,2015,7.31805704383868
Angola,AGO,2015,
Albania,ALB,2015,25.1
Andorra,AND,2015,33.0
Arab World,ARB,2015,21.1259796702467
United Arab Emirates,ARE,2015,
Argentina,ARG,2015,26.6
Armenia,ARM,2015,26.9
American Samoa,ASM,2015,
Antigua and Barbuda,ATG,2015,
Australia,AUS,2015,15.7
Austria,AUT,2015,31.2
Azerbaijan,AZE,2015,25.2
Burundi,BDI,2015,13.9
Belgium,BEL,2015,25.7
Benin,BEN,2015,8.6
Burkina Faso,BFA,2015,17.0
Bangladesh,BGD,2015,38.9
Bulgaria,BGR,2015,40.7
Bahrain,BHR,2015,16.4
"Bahamas, The",BHS,2015,10.6
Bosnia and Herzegovina,BIH,2015,37.7
Belarus,BLR,2015,33.0
Belize,BLZ,2015,9.7
Bermuda,BMU,2015,
Bolivia,BOL,2015,15.6
Brazil,BRA,2015,14.9
Barbados,BRB,2015,8.8
Brunei Darussalam,BRN,2015,16.3
Bhutan,BTN,2015,
Botswana,BWA,2015,21.7
Central African Republic,CAF,2015,
Canada,CAN,2015,15.8
Central Europe and the Baltics,CEB,2015,30.6136807659237
Switzerland,CHE,2015,26.2
Channel Islands,CHI,2015,
Chile,CHL,2015,32.9
China,CHN,2015,25.9
Cote d'Ivoire,CIV,2015,11.1
Cameroon,CMR,2015,8.4
"Congo, Dem. Rep.",COD,2015,14.0
"Congo, Rep.",COG,2015,13.5
Colombia,COL,2015,9.9
Comoros,COM,2015,23.5
Cabo Verde,CPV,2015,13.1
Costa Rica,CRI,2015,10.5
Caribbean small states,CSS,2015,
Cuba,CUB,2015,22.0
Curacao,CUW,2015,
Cayman Islands,CYM,2015,
Cyprus,CYP,2015,36.4
Czechia,CZE,2015,31.4
Germany,DEU,2015,24.9
Djibouti,DJI,2015,
Dominica,DMA,2015,
Denmark,DNK,2015,21.1
Dominican Republic,DOM,2015,12.2
Algeria,DZA,2015,21.1
East Asia & Pacific (excluding high income),EAP,2015,27.604136856655
Early-demographic dividend,EAR,2015,28.2957648716301
East Asia & Pacific,EAS,2015,27.0276255722124
Europe & Central Asia (excluding high income),ECA,2015,28.4240179744876
Europe & Central Asia,ECS,2015,27.5456093312191
Ecuador,ECU,2015,12.8
"Egypt, Arab Rep.",EGY,2015,24.3
Euro area,EMU,2015,28.0221926876453
Eritrea,ERI,2015,8.7
Spain,ESP,2015,29.7
Estonia,EST,2015,33.3
Ethiopia,ETH,2015,5.5
European Union,EUU,2015,28.3398696088737
Fragile and conflict affected situations,FCS,2015,16.2682076752968
Finland,FIN,2015,24.5
Fiji,FJI,2015,25.1
France,FRA,2015,33.7
Faroe Islands,FRO,2015,
"Micronesia, Fed. Sts.",FSM,2015,
Gabon,GAB,2015,
United Kingdom,GBR,2015,19.3
Georgia,GEO,2015,32.0
Ghana,GHA,2015,4.2
Gibraltar,GIB,2015,
Guinea,GIN,2015,
"Gambia, The",GMB,2015,13.3
Guinea-Bissau,GNB,2015,10.7
Equatorial Guinea,GNQ,2015,
Greece,GRC,2015,37.9
Grenada,GRD,2015,
Greenland,GRL,2015,
Guatemala,GTM,2015,11.6
Guam,GUM,2015,
Guyana,GUY,2015,15.1
High income,HIC,2015,24.7422304022588
"Hong Kong SAR, China",HKG,2015,
Honduras,HND,2015,
Heavily indebted poor countries (HIPC),HPC,2015,12.2585484223674
Croatia,HRV,2015,36.1
Haiti,HTI,2015,8.6
Hungary,HUN,2015,33.2
IBRD only,IBD,2015,26.8367214562912
IDA & IBRD total,IBT,2015,25.4143927842353
IDA total,IDA,2015,19.7158482406613
IDA blend,IDB,2015,15.538672208458
Indonesia,IDN,2015,36.7
IDA only,IDX,2015,22.0684226514359
Isle of Man,IMN,2015,
India,IND,2015,32.2
Not classified,INX,2015,
Ireland,IRL,2015,23.8
"Iran, Islamic Rep.",IRN,2015,15.3
Iraq,IRQ,2015,19.1
Iceland,ISL,2015,15.2
Israel,ISR,2015,23.4
Italy,ITA,2015,23.8
Jamaica,JAM,2015,11.0
Jordan,JOR,2015,33.7
Japan,JPN,2015,22.7
Kazakhstan,KAZ,2015,25.4
Kenya,KEN,2015,12.8
Kyrgyz Republic,KGZ,2015,28.4
Cambodia,KHM,2015,25.2
Kiribati,KIR,2015,46.4
St. Kitts and Nevis,KNA,2015,
"Korea, Rep.",KOR,2015,23.8
Kuwait,KWT,2015,18.3
Latin America & Caribbean (excluding high income),LAC,2015,15.029981969384
Lao PDR,LAO,2015,35.8
Lebanon,LBN,2015,38.7
Liberia,LBR,2015,9.6
Libya,LBY,2015,
St. Lucia,LCA,2015,
Latin America & Caribbean,LCN,2015,15.6262609839963
Least developed countries: UN classification,LDC,2015,22.9234382222973
Low income,LIC,2015,14.2322965578115
Liechtenstein,LIE,2015,
Sri Lanka,LKA,2015,23.3
Lower middle income,LMC,2015,27.2718752599885
Low & middle income,LMY,2015,25.3304303477925
Lesotho,LSO,2015,25.6
Late-demographic dividend,LTE,2015,24.5952432427502
Lithuania,LTU,2015,34.0
Luxembourg,LUX,2015,23.2
Latvia,LVA,2015,38.5
"Macao SAR, China",MAC,2015,
St. Martin (French part),MAF,2015,
Morocco,MAR,2015,16.2
Monaco,MCO,2015,
Moldova,MDA,2015,27.9
Madagascar,MDG,2015,31.3
Maldives,MDV,2015,27.6
Middle East & North Africa,MEA,2015,19.9400125207282
Mexico,MEX,2015,15.2
Marshall Islands,MHL,2015,28.4
Middle income,MIC,2015,26.09895038384
North Macedonia,MKD,2015,
Mali,MLI,2015,9.9
Malta,MLT,2015,26.3
Myanmar,MMR,2015,48.8
Middle East & North Africa (excluding high income),MNA,2015,20.6808707294848
Montenegro,MNE,2015,33.1
Mongolia,MNG,2015,30.6
Northern Mariana Islands,MNP,2015,
Mozambique,MOZ,2015,17.0
Mauritania,MRT,2015,12.6
Mauritius,MUS,2015,21.4
Malawi,MWI,2015,13.1
Malaysia,MYS,2015,23.9
North America,NAC,2015,24.3160838346724
Namibia,NAM,2015,17.1
New Caledonia,NCL,2015,
Niger,NER,2015,7.9
Nigeria,NGA,2015,4.7
Nicaragua,NIC,2015,
Netherlands,NLD,2015,24.6
Norway,NOR,2015,20.7
Nepal,NPL,2015,36.0
Nauru,NRU,2015,51.8
New Zealand,NZL,2015,16.5
OECD members,OED,2015,24.0933523837182
Oman,OMN,2015,7.8
Other small states,OSS,2015,20.9597785921926
Pakistan,PAK,2015,23.6
Panama,PAN,2015,6.4
Peru,PER,2015,11.5
Philippines,PHL,2015,25.4
Palau,PLW,2015,19.4
Papua New Guinea,PNG,2015,42.5
Poland,POL,2015,27.2
Pre-demographic dividend,PRE,2015,12.0946727871035
Puerto Rico,PRI,2015,
"Korea, Dem. People's Rep.",PRK,2015,19.6
Portugal,PRT,2015,25.2
Paraguay,PRY,2015,14.5
West Bank and Gaza,PSE,2015,
Pacific island small states,PSS,2015,29.3915697587117
Post-demographic dividend,PST,2015,25.1834705685272
French Polynesia,PYF,2015,
Qatar,QAT,2015,12.2
Romania,ROU,2015,29.7
Russian Federation,RUS,2015,28.3
Rwanda,RWA,2015,15.9
South Asia,SAS,2015,31.7420234773403
Saudi Arabia,SAU,2015,14.2
Sudan,SDN,2015,
Senegal,SEN,2015,8.3
Singapore,SGP,2015,16.5
Solomon Islands,SLB,2015,37.9
Sierra Leone,SLE,2015,18.1
El Salvador,SLV,2015,9.5
San Marino,SMR,2015,
Somalia,SOM,2015,
Serbia,SRB,2015,40.9
Sub-Saharan Africa (excluding high income),SSA,2015,11.0770539886665
South Sudan,SSD,2015,
Sub-Saharan Africa,SSF,2015,11.0786003190125
Small states,SST,2015,20.0344723271538
Sao Tome and Principe,STP,2015,6.2
Suriname,SUR,2015,
Slovak Republic,SVK,2015,31.5
Slovenia,SVN,2015,22.7
Sweden,SWE,2015,27.9
Eswatini,SWZ,2015,9.8
Sint Maarten (Dutch part),SXM,2015,
Seychelles,SYC,2015,22.1
Syrian Arab Republic,SYR,2015,
Turks and Caicos Islands,TCA,2015,
Chad,TCD,2015,9.4
East Asia & Pacific (IDA & IBRD countries),TEA,2015,27.705532531902
Europe & Central Asia (IDA & IBRD countries),TEC,2015,28.4505447855232
Togo,TGO,2015,8.2
Thailand,THA,2015,24.1
Tajikistan,TJK,2015,
Turkmenistan,TKM,2015,6.7
Latin America & the Caribbean (IDA & IBRD countries),TLA,2015,15.4883939204697
Timor-Leste,TLS,2015,42.5
Middle East & North Africa (IDA & IBRD countries),TMN,2015,20.6808707294848
Tonga,TON,2015,31.6
South Asia (IDA & IBRD),TSA,2015,31.7420234773403
Sub-Saharan Africa (IDA & IBRD countries),TSS,2015,11.0786003190125
Trinidad and Tobago,TTO,2015,
Tunisia,TUN,2015,26.6
Turkiye,TUR,2015,31.1
Tuvalu,TUV,2015,38.4
Tanzania,TZA,2015,11.6
Uganda,UGA,2015,10.9
Ukraine,UKR,2015,28.4
Upper middle income,UMC,2015,25.0093309256064
Uruguay,URY,2015,24.3
United States,USA,2015,25.3
Uzbekistan,UZB,2015,19.1
St. Vincent and the Grenadines,VCT,2015,
"Venezuela, RB",VEN,2015,
British Virgin Islands,VGB,2015,
Virgin Islands (U.S.),VIR,2015,
Viet Nam,VNM,2015,26.0
Vanuatu,VUT,2015,19.4
World,WLD,2015,25.2226035536913
Samoa,WSM,2015,28.1
Kosovo,XKX,2015,
"Yemen, Rep.",YEM,2015,21.8
South Africa,ZAF,2015,21.0
Zambia,ZMB,2015,15.5
Zimbabwe,ZWE,2015,13.6
Aruba,ABW,2018,
Africa Eastern and Southern,AFE,2018,12.4799145290924
Afghanistan,AFG,2018,23.8
Africa Western and Central,AFW,2018,6.34763126140221
Angola,AGO,2018,
Albania,ALB,2018,23.0
Andorra,AND,2018,32.0
Arab World,ARB,2018,20.7045895208113
United Arab Emirates,ARE,2018,
Argentina,ARG,2018,24.9
Armenia,ARM,2018,25.8
American Samoa,ASM,2018,
Antigua and Barbuda,ATG,2018,
Australia,AUS,2018,14.0
Austria,AUT,2018,27.1
Azerbaijan,AZE,2018,24.2
Burundi,BDI,2018,12.2
Belgium,BEL,2018,23.9
Benin,BEN,2018,7.2
Burkina Faso,BFA,2018,14.9
Bangladesh,BGD,2018,35.2
Bulgaria,BGR,2018,39.4
Bahrain,BHR,2018,15.2
"Bahamas, The",BHS,2018,10.7
Bosnia and Herzegovina,BIH,2018,35.5
Belarus,BLR,2018,30.9
Belize,BLZ,2018,8.8
Bermuda,BMU,2018,
Bolivia,BOL,2018,13.2
Brazil,BRA,2018,13.2
Barbados,BRB,2018,8.5
Brunei Darussalam,BRN,2018,16.2
Bhutan,BTN,2018,
Botswana,BWA,2018,19.8
Central African Republic,CAF,2018,
Canada,CAN,2018,13.6
Central Europe and the Baltics,CEB,2018,29.0895865619491
Switzerland,CHE,2018,25.7
Channel Islands,CHI,2018,
Chile,CHL,2018,29.9
China,CHN,2018,25.7
Cote d'Ivoire,CIV,2018,9.7
Cameroon,CMR,2018,7.5
"Congo, Dem. Rep.",COD,2018,13.0
"Congo, Rep.",COG,2018,14.3
Colombia,COL,2018,8.8
Comoros,COM,2018,20.8
Cabo Verde,CPV,2018,11.7
Costa Rica,CRI,2018,9.1
Caribbean small states,CSS,2018,
Cuba,CUB,2018,18.7
Curacao,CUW,2018,
Cayman Islands,CYM,2018,
Cyprus,CYP,2018,35.5
Czechia,CZE,2018,30.9
Germany,DEU,2018,22.5
Djibouti,DJI,2018,
Dominica,DMA,2018,
Denmark,DNK,2018,18.1
Dominican Republic,DOM,2018,10.9
Algeria,DZA,2018,21.0
East Asia & Pacific (excluding high income),EAP,2018,27.1929464881506
Early-demographic dividend,EAR,2018,25.666885976875
East Asia & Pacific,EAS,2018,26.4450235036599
Europe & Central Asia (excluding high income),ECA,2018,27.2351922575212
Europe & Central Asia,ECS,2018,26.0322308995471
Ecuador,ECU,2018,11.6
"Egypt, Arab Rep.",EGY,2018,24.4
Euro area,EMU,2018,26.6379674556834
Eritrea,ERI,2018,7.7
Spain,ESP,2018,28.1
Estonia,EST,2018,30.5
Ethiopia,ETH,2018,5.2
European Union,EUU,2018,26.8262423225201
Fragile and conflict affected situations,FCS,2018,14.6907382221198
Finland,FIN,2018,22.2
Fiji,FJI,2018,23.4
France,FRA,2018,33.6
Faroe Islands,FRO,2018,
"Micronesia, Fed. Sts.",FSM,2018,
Gabon,GAB,2018,
United Kingdom,GBR,2018,16.1
Georgia,GEO,2018,31.7
Ghana,GHA,2018,3.6
Gibraltar,GIB,2018,
Guinea,GIN,2018,
"Gambia, The",GMB,2018,11.6
Guinea-Bissau,GNB,2018,9.3
Equatorial Guinea,GNQ,2018,
Greece,GRC,2018,34.5
Grenada,GRD,2018,
Greenland,GRL,2018,
Guatemala,GTM,2018,11.0
Guam,GUM,2018,
Guyana,GUY,2018,12.6
High income,HIC,2018,22.8704291105521
"Hong Kong SAR, China",HKG,2018,
Honduras,HND,2018,
Heavily indebted poor countries (HIPC),HPC,2018,10.8969458449469
Croatia,HRV,2018,36.7
Haiti,HTI,2018,7.9
Hungary,HUN,2018,32.2
IBRD only,IBD,2018,25.2114135968373
IDA & IBRD total,IBT,2018,23.6272551436579
IDA total,IDA,2018,17.5467792481993
IDA blend,IDB,2018,13.6743428975848
Indonesia,IDN,2018,37.2
IDA only,IDX,2018,19.692447030428
Isle of Man,IMN,2018,
India,IND,2018,28.1
Not classified,INX,2018,
Ireland,IRL,2018,21.4
"Iran, Islamic Rep.",IRN,2018,14.0
Iraq,IRQ,2018,18.8
Iceland,ISL,2018,12.6
Israel,ISR,2018,21.6
Italy,ITA,2018,23.3
Jamaica,JAM,2018,9.7
Jordan,JOR,2018,34.6
Japan,JPN,2018,20.5
Kazakhstan,KAZ,2018,23.5
Kenya,KEN,2018,11.5
Kyrgyz Republic,KGZ,2018,27.6
Cambodia,KHM,2018,21.9
Kiribati,KIR,2018,41.7
St. Kitts and Nevis,KNA,2018,
"Korea, Rep.",KOR,2018,21.4
Kuwait,KWT,2018,17.9
Latin America & Caribbean (excluding high income),LAC,2018,13.2949260419463
Lao PDR,LAO,2018,32.5
Lebanon,LBN,2018,38.4
Liberia,LBR,2018,8.4
Libya,LBY,2018,
St. Lucia,LCA,2018,
Latin America & Caribbean,LCN,2018,13.8533909786762
Least developed countries: UN classification,LDC,2018,20.4068647432013
Low income,LIC,2018,12.8095745041766
Liechtenstein,LIE,2018,
Sri Lanka,LKA,2018,22.3
Lower middle income,LMC,2018,24.2767027298602
Low & middle income,LMY,2018,23.5485250365397
Lesotho,LSO,2018,24.4
Late-demographic dividend,LTE,2018,23.8750971613333
Lithuania,LTU,2018,32.3
Luxembourg,LUX,2018,21.6
Latvia,LVA,2018,37.2
"Macao SAR, China",MAC,2018,
St. Martin (French part),MAF,2018,
Morocco,MAR,2018,14.9
Monaco,MCO,2018,
Moldova,MDA,2018,28.7
Madagascar,MDG,2018,28.4
Maldives,MDV,2018,25.9
Middle East & North Africa,MEA,2018,19.334189783663
Mexico,MEX,2018,13.4
Marshall Islands,MHL,2018,28.4
Middle income,MIC,2018,24.3352075522849
North Macedonia,MKD,2018,
Mali,MLI,2018,8.6
Malta,MLT,2018,24.5
Myanmar,MMR,2018,45.1
Middle East & North Africa (excluding high income),MNA,2018,20.0615944875067
Montenegro,MNE,2018,31.8
Mongolia,MNG,2018,29.6
Northern Mariana Islands,MNP,2018,
Mozambique,MOZ,2018,14.8
Mauritania,MRT,2018,11.1
Mauritius,MUS,2018,20.5
Malawi,MWI,2018,11.3
Malaysia,MYS,2018,22.8
North America,NAC,2018,22.3707166514507
Namibia,NAM,2018,15.5
New Caledonia,NCL,2018,
Niger,NER,2018,7.6
Nigeria,NGA,2018,3.9
Nicaragua,NIC,2018,
Netherlands,NLD,2018,22.6
Norway,NOR,2018,17.1
Nepal,NPL,2018,31.5
Nauru,NRU,2018,49.2
New Zealand,NZL,2018,14.2
OECD members,OED,2018,22.256474290236
Oman,OMN,2018,7.9
Other small states,OSS,2018,19.387666871125
Pakistan,PAK,2018,20.8
Panama,PAN,2018,5.3
Peru,PER,2018,8.7
Philippines,PHL,2018,23.4
Palau,PLW,2018,17.9
Papua New Guinea,PNG,2018,39.9
Poland,POL,2018,24.7
Pre-demographic dividend,PRE,2018,10.7845721531964
Puerto Rico,PRI,2018,
"Korea, Dem. People's Rep.",PRK,2018,17.8
Portugal,PRT,2018,25.3
Paraguay,PRY,2018,12.1
West Bank and Gaza,PSE,2018,
Pacific island small states,PSS,2018,27.902644375355
Post-demographic dividend,PST,2018,23.256992543782
French Polynesia,PYF,2018,
Qatar,QAT,2018,12.0
Romania,ROU,2018,28.4
Russian Federation,RUS,2018,27.1
Rwanda,RWA,2018,14.1
South Asia,SAS,2018,27.8869463170204
Saudi Arabia,SAU,2018,14.2
Sudan,SDN,2018,
Senegal,SEN,2018,7.1
Singapore,SGP,2018,16.6
Solomon Islands,SLB,2018,36.8
Sierra Leone,SLE,2018,14.3
El Salvador,SLV,2018,8.3
San Marino,SMR,2018,
Somalia,SOM,2018,
Serbia,SRB,2018,40.1
Sub-Saharan Africa (excluding high income),SSA,2018,9.87509278664933
South Sudan,SSD,2018,
Sub-Saharan Africa,SSF,2018,9.87651746878512
Small states,SST,2018,18.5399248003868
Sao Tome and Principe,STP,2018,5.8
Suriname,SUR,2018,
Slovak Republic,SVK,2018,31.5
Slovenia,SVN,2018,22.3
Sweden,SWE,2018,24.8
Eswatini,SWZ,2018,9.3
Sint Maarten (Dutch part),SXM,2018,
Seychelles,SYC,2018,20.6
Syrian Arab Republic,SYR,2018,
Turks and Caicos Islands,TCA,2018,
Chad,TCD,2018,8.5
East Asia & Pacific (IDA & IBRD countries),TEA,2018,27.3117258892053
Europe & Central Asia (IDA & IBRD countries),TEC,2018,27.1526371791378
Togo,TGO,2018,7.1
Thailand,THA,2018,22.5
Tajikistan,TJK,2018,
Turkmenistan,TKM,2018,5.8
Latin America & the Caribbean (IDA & IBRD countries),TLA,2018,13.7525576611463
Timor-Leste,TLS,2018,39.8
Middle East & North Africa (IDA & IBRD countries),TMN,2018,20.0615944875067
Tonga,TON,2018,31.1
South Asia (IDA & IBRD),TSA,2018,27.8869463170205
Sub-Saharan Africa (IDA & IBRD countries),TSS,2018,9.87651746878512
Trinidad and Tobago,TTO,2018,
Tunisia,TUN,2018,25.0
Turkiye,TUR,2018,30.9
Tuvalu,TUV,2018,36.0
Tanzania,TZA,2018,9.2
Uganda,UGA,2018,8.9
Ukraine,UKR,2018,26.2
Upper middle income,UMC,2018,24.3913185292161
Uruguay,URY,2018,22.0
United States,USA,2018,23.4
Uzbekistan,UZB,2018,17.8
St. Vincent and the Grenadines,VCT,2018,
"Venezuela, RB",VEN,2018,
British Virgin Islands,VGB,2018,
Virgin Islands (U.S.),VIR,2018,
Viet Nam,VNM,2018,25.0
Vanuatu,VUT,2018,18.2
World,WLD,2018,23.4267369670133
Samoa,WSM,2018,25.9
Kosovo,XKX,2018,
"Yemen, Rep.",YEM,2018,20.5
South Africa,ZAF,2018,20.4
Zambia,ZMB,2018,14.6
Zimbabwe,ZWE,2018,12.1
Aruba,ABW,2019,
Africa Eastern and Southern,AFE,2019,12.4514617782889
Afghanistan,AFG,2019,23.8
Africa Western and Central,AFW,2019,6.3529411272548
Angola,AGO,2019,
Albania,ALB,2019,23.0
Andorra,AND,2019,32.0
Arab World,ARB,2019,20.6900806817012
United Arab Emirates,ARE,2019,
Argentina,ARG,2019,24.9
Armenia,ARM,2019,25.8
American Samoa,ASM,2019,
Antigua and Barbuda,ATG,2019,
Australia,AUS,2019,14.0
Austria,AUT,2019,27.1
Azerbaijan,AZE,2019,24.2
Burundi,BDI,2019,12.2
Belgium,BEL,2019,23.9
Benin,BEN,2019,7.2
Burkina Faso,BFA,2019,14.9
Bangladesh,BGD,2019,35.2
Bulgaria,BGR,2019,39.4
Bahrain,BHR,2019,15.2
"Bahamas, The",BHS,2019,10.7
Bosnia and Herzegovina,BIH,2019,35.5
Belarus,BLR,2019,30.9
Belize,BLZ,2019,8.8
Bermuda,BMU,2019,
Bolivia,BOL,2019,13.2
Brazil,BRA,2019,13.2
Barbados,BRB,2019,8.5
Brunei Darussalam,BRN,2019,16.2
Bhutan,BTN,2019,
Botswana,BWA,2019,19.8
Central African Republic,CAF,2019,
Canada,CAN,2019,13.6
Central Europe and the Baltics,CEB,2019,29.083998713985
Switzerland,CHE,2019,25.7
Channel Islands,CHI,2019,
Chile,CHL,2019,29.9
China,CHN,2019,25.7
Cote d'Ivoire,CIV,2019,9.7
Cameroon,CMR,2019,7.5
"Congo, Dem. Rep.",COD,2019,13.0
"Congo, Rep.",COG,2019,14.3
Colombia,COL,2019,8.8
Comoros,COM,2019,20.8
Cabo Verde,CPV,2019,11.7
Costa Rica,CRI,2019,9.1
Caribbean small states,CSS,2019,
Cuba,CUB,2019,18.7
Curacao,CUW,2019,
Cayman Islands,CYM,2019,
Cyprus,CYP,2019,35.5
Czechia,CZE,2019,30.9
Germany,DEU,2019,22.5
Djibouti,DJI,2019,
Dominica,DMA,2019,
Denmark,DNK,2019,18.1
Dominican Republic,DOM,2019,10.9
Algeria,DZA,2019,21.0
East Asia & Pacific (excluding high income),EAP,2019,27.2011328559104
Early-demographic dividend,EAR,2019,25.6490629484188
East Asia & Pacific,EAS,2019,26.453406067219
Europe & Central Asia (excluding high income),ECA,2019,27.2274393278621
Europe & Central Asia,ECS,2019,26.0289108986775
Ecuador,ECU,2019,11.6
"Egypt, Arab Rep.",EGY,2019,24.4
Euro area,EMU,2019,26.6458286351315
Eritrea,ERI,2019,7.7
Spain,ESP,2019,28.1
Estonia,EST,2019,30.5
Ethiopia,ETH,2019,5.2
European Union,EUU,2019,26.8297324612283
Fragile and conflict affected situations,FCS,2019,14.599134536464
Finland,FIN,2019,22.2
Fiji,FJI,2019,23.4
France,FRA,2019,33.6
Faroe Islands,FRO,2019,
"Micronesia, Fed. Sts.",FSM,2019,
Gabon,GAB,2019,
United Kingdom,GBR,2019,16.1
Georgia,GEO,2019,31.7
Ghana,GHA,2019,3.6
Gibraltar,GIB,2019,
Guinea,GIN,2019,
"Gambia, The",GMB,2019,11.6
Guinea-Bissau,GNB,2019,9.3
Equatorial Guinea,GNQ,2019,
Greece,GRC,2019,34.5
Grenada,GRD,2019,
Greenland,GRL,2019,
Guatemala,GTM,2019,11.0
Guam,GUM,2019,
Guyana,GUY,2019,12.6
High income,HIC,2019,22.8584428843343
"Hong Kong SAR, China",HKG,2019,
Honduras,HND,2019,
Heavily indebted poor countries (HIPC),HPC,2019,10.8983830206752
Croatia,HRV,2019,36.7
Haiti,HTI,2019,7.9
Hungary,HUN,2019,32.2
IBRD only,IBD,2019,25.2055020163385
IDA & IBRD total,IBT,2019,23.591262149336
IDA total,IDA,2019,17.4873058152188
IDA blend,IDB,2019,13.6479486896841
Indonesia,IDN,2019,37.2
IDA only,IDX,2019,19.6077552759743
Isle of Man,IMN,2019,
India,IND,2019,28.1
Not classified,INX,2019,
Ireland,IRL,2019,21.4
"Iran, Islamic Rep.",IRN,2019,14.0
Iraq,IRQ,2019,18.8
Iceland,ISL,2019,12.6
Israel,ISR,2019,21.6
Italy,ITA,2019,23.3
Jamaica,JAM,2019,9.7
Jordan,JOR,2019,34.6
Japan,JPN,2019,20.5
Kazakhstan,KAZ,2019,23.5
Kenya,KEN,2019,11.5
Kyrgyz Republic,KGZ,2019,27.6
Cambodia,KHM,2019,21.9
Kiribati,KIR,2019,41.7
St. Kitts and Nevis,KNA,2019,
"Korea, Rep.",KOR,2019,21.4
Kuwait,KWT,2019,17.9
Latin America & Caribbean (excluding high income),LAC,2019,13.2846349406034
Lao PDR,LAO,2019,32.5
Lebanon,LBN,2019,38.4
Liberia,LBR,2019,8.4
Libya,LBY,2019,
St. Lucia,LCA,2019,
Latin America & Caribbean,LCN,2019,13.8462400457612
Least developed countries: UN classification,LDC,2019,20.3152040117094
Low income,LIC,2019,12.7951159115175
Liechtenstein,LIE,2019,
Sri Lanka,LKA,2019,22.3
Lower middle income,LMC,2019,24.2498266365721
Low & middle income,LMY,2019,23.5131361800232
Lesotho,LSO,2019,24.4
Late-demographic dividend,LTE,2019,23.8582783205263
Lithuania,LTU,2019,32.3
Luxembourg,LUX,2019,21.6
Latvia,LVA,2019,37.2
"Macao SAR, China",MAC,2019,
St. Martin (French part),MAF,2019,
Morocco,MAR,2019,14.9
Monaco,MCO,2019,
Moldova,MDA,2019,28.7
Madagascar,MDG,2019,28.4
Maldives,MDV,2019,25.9
Middle East & North Africa,MEA,2019,19.3337925200396
Mexico,MEX,2019,13.4
Marshall Islands,MHL,2019,28.4
Middle income,MIC,2019,24.3130914974137
North Macedonia,MKD,2019,
Mali,MLI,2019,8.6
Malta,MLT,2019,24.5
Myanmar,MMR,2019,45.1
Middle East & North Africa (excluding high income),MNA,2019,20.0609533825548
Montenegro,MNE,2019,31.8
Mongolia,MNG,2019,29.6
Northern Mariana Islands,MNP,2019,
Mozambique,MOZ,2019,14.8
Mauritania,MRT,2019,11.1
Mauritius,MUS,2019,20.5
Malawi,MWI,2019,11.3
Malaysia,MYS,2019,22.8
North America,NAC,2019,22.3625131171401
Namibia,NAM,2019,15.5
New Caledonia,NCL,2019,
Niger,NER,2019,7.6
Nigeria,NGA,2019,3.9
Nicaragua,NIC,2019,
Netherlands,NLD,2019,22.6
Norway,NOR,2019,17.1
Nepal,NPL,2019,31.5
Nauru,NRU,2019,49.2
New Zealand,NZL,2019,14.2
OECD members,OED,2019,22.2409620431912
Oman,OMN,2019,7.9
Other small states,OSS,2019,19.3717375778491
Pakistan,PAK,2019,20.8
Panama,PAN,2019,5.3
Peru,PER,2019,8.7
Philippines,PHL,2019,23.4
Palau,PLW,2019,17.9
Papua New Guinea,PNG,2019,39.9
Poland,POL,2019,24.7
Pre-demographic dividend,PRE,2019,10.7905512888622
Puerto Rico,PRI,2019,
"Korea, Dem. People's Rep.",PRK,2019,17.8
Portugal,PRT,2019,25.3
Paraguay,PRY,2019,12.1
West Bank and Gaza,PSE,2019,
Pacific island small states,PSS,2019,27.9412990420288
Post-demographic dividend,PST,2019,23.2473004226823
French Polynesia,PYF,2019,
Qatar,QAT,2019,12.0
Romania,ROU,2019,28.4
Russian Federation,RUS,2019,27.1
Rwanda,RWA,2019,14.1
South Asia,SAS,2019,27.8854525302818
Saudi Arabia,SAU,2019,14.2
Sudan,SDN,2019,
Senegal,SEN,2019,7.1
Singapore,SGP,2019,16.6
Solomon Islands,SLB,2019,36.8
Sierra Leone,SLE,2019,14.3
El Salvador,SLV,2019,8.3
San Marino,SMR,2019,
Somalia,SOM,2019,
Serbia,SRB,2019,40.1
Sub-Saharan Africa (excluding high income),SSA,2019,9.86203820975716
South Sudan,SSD,2019,
Sub-Saharan Africa,SSF,2019,9.86343583335131
Small states,SST,2019,18.5344223788125
Sao Tome and Principe,STP,2019,5.8
Suriname,SUR,2019,
Slovak Republic,SVK,2019,31.5
Slovenia,SVN,2019,22.3
Sweden,SWE,2019,24.8
Eswatini,SWZ,2019,9.3
Sint Maarten (Dutch part),SXM,2019,
Seychelles,SYC,2019,20.6
Syrian Arab Republic,SYR,2019,
Turks and Caicos Islands,TCA,2019,
Chad,TCD,2019,8.5
East Asia & Pacific (IDA & IBRD countries),TEA,2019,27.3198385902614
Europe & Central Asia (IDA & IBRD countries),TEC,2019,27.1457226564792
Togo,TGO,2019,7.1
Thailand,THA,2019,22.5
Tajikistan,TJK,2019,
Turkmenistan,TKM,2019,5.8
Latin America & the Caribbean (IDA & IBRD countries),TLA,2019,13.7467907696072
Timor-Leste,TLS,2019,39.8
Middle East & North Africa (IDA & IBRD countries),TMN,2019,20.0609533825548
Tonga,TON,2019,31.1
South Asia (IDA & IBRD),TSA,2019,27.8854525302818
Sub-Saharan Africa (IDA & IBRD countries),TSS,2019,9.86343583335131
Trinidad and Tobago,TTO,2019,
Tunisia,TUN,2019,25.0
Turkiye,TUR,2019,30.9
Tuvalu,TUV,2019,36.0
Tanzania,TZA,2019,9.2
Uganda,UGA,2019,8.9
Ukraine,UKR,2019,26.2
Upper middle income,UMC,2019,24.3743742924454
Uruguay,URY,2019,22.0
United States,USA,2019,23.4
Uzbekistan,UZB,2019,17.8
St. Vincent and the Grenadines,VCT,2019,
"Venezuela, RB",VEN,2019,
British Virgin Islands,VGB,2019,
Virgin Islands (U.S.),VIR,2019,
Viet Nam,VNM,2019,25.0
Vanuatu,VUT,2019,18.2
World,WLD,2019,23.3963978995586
Samoa,WSM,2019,25.9
Kosovo,XKX,2019,
"Yemen, Rep.",YEM,2019,20.5
South Africa,ZAF,2019,20.4
Zambia,ZMB,2019,14.6
Zimbabwe,ZWE,2019,12.1
Aruba,ABW,2020,
Africa Eastern and Southern,AFE,2020,12.1257397934987
Afghanistan,AFG,2020,23.3
Africa Western and Central,AFW,2020,6.12063820511717
Angola,AGO,2020,
Albania,ALB,2020,22.4
Andorra,AND,2020,31.8
Arab World,ARB,2020,20.5715554111631
United Arab Emirates,ARE,2020,
Argentina,ARG,2020,24.5
Armenia,ARM,2020,25.5
American Samoa,ASM,2020,
Antigua and Barbuda,ATG,2020,
Australia,AUS,2020,13.6
Austria,AUT,2020,26.4
Azerbaijan,AZE,2020,24.0
Burundi,BDI,2020,11.8
Belgium,BEL,2020,23.4
Benin,BEN,2020,6.9
Burkina Faso,BFA,2020,14.3
Bangladesh,BGD,2020,34.7
Bulgaria,BGR,2020,39.0
Bahrain,BHR,2020,14.9
"Bahamas, The",BHS,2020,10.6
Bosnia and Herzegovina,BIH,2020,35.0
Belarus,BLR,2020,30.5
Belize,BLZ,2020,8.5
Bermuda,BMU,2020,
Bolivia,BOL,2020,12.7
Brazil,BRA,2020,12.8
Barbados,BRB,2020,8.5
Brunei Darussalam,BRN,2020,16.2
Bhutan,BTN,2020,
Botswana,BWA,2020,19.4
Central African Republic,CAF,2020,
Canada,CAN,2020,13.0
Central Europe and the Baltics,CEB,2020,28.6392860841395
Switzerland,CHE,2020,25.5
Channel Islands,CHI,2020,
Chile,CHL,2020,29.2
China,CHN,2020,25.6
Cote d'Ivoire,CIV,2020,9.4
Cameroon,CMR,2020,7.3
"Congo, Dem. Rep.",COD,2020,12.8
"Congo, Rep.",COG,2020,14.5
Colombia,COL,2020,8.5
Comoros,COM,2020,20.3
Cabo Verde,CPV,2020,11.4
Costa Rica,CRI,2020,8.8
Caribbean small states,CSS,2020,
Cuba,CUB,2020,17.9
Curacao,CUW,2020,
Cayman Islands,CYM,2020,
Cyprus,CYP,2020,35.1
Czechia,CZE,2020,30.7
Germany,DEU,2020,22.0
Djibouti,DJI,2020,
Dominica,DMA,2020,
Denmark,DNK,2020,17.5
Dominican Republic,DOM,2020,10.6
Algeria,DZA,2020,21.0
East Asia & Pacific (excluding high income),EAP,2020,27.0972248524899
Early-demographic dividend,EAR,2020,25.0961773818306
East Asia & Pacific,EAS,2020,26.3180403800643
Europe & Central Asia (excluding high income),ECA,2020,26.9066140679413
Europe & Central Asia,ECS,2020,25.6375713110733
Ecuador,ECU,2020,11.3
"Egypt, Arab Rep.",EGY,2020,24.3
Euro area,EMU,2020,26.2927661695608
Eritrea,ERI,2020,7.5
Spain,ESP,2020,27.7
Estonia,EST,2020,29.7
Ethiopia,ETH,2020,5.1
European Union,EUU,2020,26.4317603211118
Fragile and conflict affected situations,FCS,2020,14.1969955422783
Finland,FIN,2020,21.6
Fiji,FJI,2020,23.1
France,FRA,2020,33.4
Faroe Islands,FRO,2020,
"Micronesia, Fed. Sts.",FSM,2020,
Gabon,GAB,2020,
United Kingdom,GBR,2020,15.4
Georgia,GEO,2020,31.7
Ghana,GHA,2020,3.5
Gibraltar,GIB,2020,
Guinea,GIN,2020,
"Gambia, The",GMB,2020,11.1
Guinea-Bissau,GNB,2020,9.0
Equatorial Guinea,GNQ,2020,
Greece,GRC,2020,33.5
Grenada,GRD,2020,
Greenland,GRL,2020,
Guatemala,GTM,2020,10.9
Guam,GUM,2020,
Guyana,GUY,2020,12.1
High income,HIC,2020,22.4382140735446
"Hong Kong SAR, China",HKG,2020,
Honduras,HND,2020,
Heavily indebted poor countries (HIPC),HPC,2020,10.5899352246556
Croatia,HRV,2020,36.9
Haiti,HTI,2020,7.7
Hungary,HUN,2020,31.8
IBRD only,IBD,2020,24.8249190728077
IDA & IBRD total,IBT,2020,23.169199270988
IDA total,IDA,2020,17.0077850724587
IDA blend,IDB,2020,13.2351520342187
Indonesia,IDN,2020,37.6
IDA only,IDX,2020,19.0857800868734
Isle of Man,IMN,2020,
India,IND,2020,27.2
Not classified,INX,2020,
Ireland,IRL,2020,20.8
"Iran, Islamic Rep.",IRN,2020,13.6
Iraq,IRQ,2020,18.5
Iceland,ISL,2020,12.0
Israel,ISR,2020,21.2
Italy,ITA,2020,23.1
Jamaica,JAM,2020,9.4
Jordan,JOR,2020,34.8
Japan,JPN,2020,20.1
Kazakhstan,KAZ,2020,23.2
Kenya,KEN,2020,11.1
Kyrgyz Republic,KGZ,2020,25.4
Cambodia,KHM,2020,21.1
Kiribati,KIR,2020,40.6
St. Kitts and Nevis,KNA,2020,
"Korea, Rep.",KOR,2020,20.8
Kuwait,KWT,2020,17.9
Latin America & Caribbean (excluding high income),LAC,2020,12.9022773487848
Lao PDR,LAO,2020,31.8
Lebanon,LBN,2020,38.2
Liberia,LBR,2020,8.2
Libya,LBY,2020,
St. Lucia,LCA,2020,
Latin America & Caribbean,LCN,2020,13.4539696626
Least developed countries: UN classification,LDC,2020,19.7799939538389
Low income,LIC,2020,12.4639443580925
Liechtenstein,LIE,2020,
Sri Lanka,LKA,2020,22.0
Lower middle income,LMC,2020,23.5777114738027
Low & middle income,LMY,2020,23.0936754497765
Lesotho,LSO,2020,24.3
Late-demographic dividend,LTE,2020,23.6452459294558
Lithuania,LTU,2020,32.0
Luxembourg,LUX,2020,21.1
Latvia,LVA,2020,37.0
"Macao SAR, China",MAC,2020,
St. Martin (French part),MAF,2020,
Morocco,MAR,2020,14.5
Monaco,MCO,2020,
Moldova,MDA,2020,29.0
Madagascar,MDG,2020,27.8
Maldives,MDV,2020,25.2
Middle East & North Africa,MEA,2020,19.158235423633
Mexico,MEX,2020,13.1
Marshall Islands,MHL,2020,28.5
Middle income,MIC,2020,23.9023726249691
North Macedonia,MKD,2020,
Mali,MLI,2020,8.3
Malta,MLT,2020,24.0
Myanmar,MMR,2020,44.1
Middle East & North Africa (excluding high income),MNA,2020,19.8398278721757
Montenegro,MNE,2020,31.4
Mongolia,MNG,2020,29.4
Northern Mariana Islands,MNP,2020,
Mozambique,MOZ,2020,14.3
Mauritania,MRT,2020,10.7
Mauritius,MUS,2020,20.2
Malawi,MWI,2020,10.8
Malaysia,MYS,2020,22.5
North America,NAC,2020,21.9416119951791
Namibia,NAM,2020,15.1
New Caledonia,NCL,2020,
Niger,NER,2020,7.4
Nigeria,NGA,2020,3.7
Nicaragua,NIC,2020,
Netherlands,NLD,2020,22.2
Norway,NOR,2020,16.2
Nepal,NPL,2020,30.4
Nauru,NRU,2020,48.5
New Zealand,NZL,2020,13.7
OECD members,OED,2020,21.8176210098309
Oman,OMN,2020,8.0
Other small states,OSS,2020,19.0208641956632
Pakistan,PAK,2020,20.2
Panama,PAN,2020,5.0
Peru,PER,2020,8.1
Philippines,PHL,2020,22.9
Palau,PLW,2020,17.6
Papua New Guinea,PNG,2020,39.3
Poland,POL,2020,24.0
Pre-demographic dividend,PRE,2020,10.4709057665133
Puerto Rico,PRI,2020,
"Korea, Dem. People's Rep.",PRK,2020,17.4
Portugal,PRT,2020,25.4
Paraguay,PRY,2020,11.5
West Bank and Gaza,PSE,2020,
Pacific island small states,PSS,2020,27.6124463562297
Post-demographic dividend,PST,2020,22.8114630056116
French Polynesia,PYF,2020,
Qatar,QAT,2020,11.8
Romania,ROU,2020,28.0
Russian Federation,RUS,2020,26.8
Rwanda,RWA,2020,13.7
South Asia,SAS,2020,27.0610506134705
Saudi Arabia,SAU,2020,14.3
Sudan,SDN,2020,
Senegal,SEN,2020,6.9
Singapore,SGP,2020,16.5
Solomon Islands,SLB,2020,36.5
Sierra Leone,SLE,2020,13.5
El Salvador,SLV,2020,7.9
San Marino,SMR,2020,
Somalia,SOM,2020,
Serbia,SRB,2020,39.8
Sub-Saharan Africa (excluding high income),SSA,2020,9.57687437918797
South Sudan,SSD,2020,
Sub-Saharan Africa,SSF,2020,9.57822928035772
Small states,SST,2020,18.1978817499492
Sao Tome and Principe,STP,2020,5.7
Suriname,SUR,2020,
Slovak Republic,SVK,2020,31.5
Slovenia,SVN,2020,22.0
Sweden,SWE,2020,24.0
Eswatini,SWZ,2020,9.2
Sint Maarten (Dutch part),SXM,2020,
Seychelles,SYC,2020,20.2
Syrian Arab Republic,SYR,2020,
Turks and Caicos Islands,TCA,2020,
Chad,TCD,2020,8.3
East Asia & Pacific (IDA & IBRD countries),TEA,2020,27.2194123318671
Europe & Central Asia (IDA & IBRD countries),TEC,2020,26.79236907332
Togo,TGO,2020,6.8
Thailand,THA,2020,22.1
Tajikistan,TJK,2020,
Turkmenistan,TKM,2020,5.5
Latin America & the Caribbean (IDA & IBRD countries),TLA,2020,13.3641719201144
Timor-Leste,TLS,2020,39.2
Middle East & North Africa (IDA & IBRD countries),TMN,2020,19.8398278721757
Tonga,TON,2020,31.0
South Asia (IDA & IBRD),TSA,2020,27.0610506134705
Sub-Saharan Africa (IDA & IBRD countries),TSS,2020,9.57822928035772
Trinidad and Tobago,TTO,2020,
Tunisia,TUN,2020,24.6
Turkiye,TUR,2020,30.7
Tuvalu,TUV,2020,35.6
Tanzania,TZA,2020,8.7
Uganda,UGA,2020,8.4
Ukraine,UKR,2020,25.8
Upper middle income,UMC,2020,24.2200997052662
Uruguay,URY,2020,21.5
United States,USA,2020,23.0
Uzbekistan,UZB,2020,17.6
St. Vincent and the Grenadines,VCT,2020,
"Venezuela, RB",VEN,2020,
British Virgin Islands,VGB,2020,
Virgin Islands (U.S.),VIR,2020,
Viet Nam,VNM,2020,24.8
Vanuatu,VUT,2020,17.8
World,WLD,2020,22.9776203868804
Samoa,WSM,2020,25.3
Kosovo,XKX,2020,
"Yemen, Rep.",YEM,2020,20.3
South Africa,ZAF,2020,20.3
Zambia,ZMB,2020,14.4
Zimbabwe,ZWE,2020,11.7
